date,total_bets,active_players,total_wagered,total_won,gross_gaming_revenue,total_sessions,hold_percentage,avg_bet_size,bets_per_player
2024-01-01,489,19,18986.56,8282.0,-10704.48,20,56.379249321625394,38.827321063394685,25.736842105263158
2024-01-02,1477,26,12031.43,7101.05,-4930.5,29,40.980166114917346,8.145856465809073,56.80769230769231
2024-01-03,1003,21,15721.81,10884.14,-4837.87,25,30.771711399641642,15.674785643070788,47.76190476190476
2024-01-04,1168,25,19360.48,8141.49,-11218.779999999999,27,57.9468071039561,16.575753424657535,46.72
2024-01-05,3563,39,51774.89,39294.6,-12481.03,52,24.106338033745704,14.531262980634297,91.35897435897436
2024-01-06,2816,40,46939.14,35501.38,-11438.49,51,24.368767727742775,16.66872869318182,70.4
2024-01-07,1286,24,17455.52,10455.05,-7000.65,28,40.105651392797235,13.573499222395023,53.583333333333336
2024-01-09,2329,48,80311.84,64989.29,-15322.6,53,19.078880523718546,34.48340060111636,48.520833333333336
2024-01-10,4825,56,459488.74,238383.25999999998,-221105.13999999998,71,48.11981682075604,95.23082694300518,86.16071428571429
2024-01-11,3674,51,139131.94,162761.56,23630.340000000004,61,-16.98412312801791,37.86933587370713,72.03921568627452
2024-01-12,4859,54,179366.12,137144.03,-42221.57,70,23.539322810796154,36.91420456884133,89.98148148148148
2024-01-13,7949,87,257042.39,301327.41000000003,44285.02,111,-17.22868356460582,32.33644357780853,91.36781609195403
2024-01-14,6910,89,539918.76,485278.27,-54640.35,122,10.120105847035209,78.13585528219971,77.64044943820225
2024-01-15,4999,75,97232.0,89605.76,-7625.61,94,7.842695820306071,19.450290058011603,66.65333333333334
2024-01-17,4950,74,593605.93,773243.05,179637.32,80,-30.262049437410436,119.92038989898991,66.89189189189189
2024-01-18,4059,70,210821.99,153480.82,-57341.44,80,27.198984318476455,51.93939147573294,57.98571428571429
2024-01-19,5488,93,310081.57,459685.29,149604.22,111,-48.2467306908953,56.50174380466473,59.01075268817204
2024-01-20,7457,85,419243.23,609552.14,190309.15,102,-45.393493891362304,56.2214335523669,87.72941176470589
2024-01-21,11191,132,413599.67,468107.01,54506.93,164,-13.178668638686295,36.95824055044232,84.78030303030303
2024-01-22,14194,143,801303.91,934659.21,133356.53,191,-16.64244094353664,56.45370649570241,99.25874125874125
2024-01-23,7091,103,612936.68,886474.81,273538.22,130,-44.62748419624682,86.43868001692287,68.84466019417475
2024-01-24,2496,7,492939.13,645378.12,152438.86000000002,7,-30.92447945854897,197.49163862179486,356.57142857142856
2024-01-25,5192,101,167680.3,115685.56999999999,-51995.14,116,31.008496525829216,32.29589753466872,51.40594059405941
2024-01-26,6119,104,235151.6,183900.71,-51252.87,115,21.79567138815981,38.4297434221278,58.83653846153846
2024-01-27,11944,129,747741.16,793058.85,45317.56,160,-6.0605945511946935,62.603914936369726,92.5891472868217
2024-01-28,10577,111,218217.86000000002,203952.73,-14264.590000000002,140,6.536857248989611,20.631356717405694,95.28828828828829
2024-01-29,10419,162,285940.71,344166.17,58226.53,205,-20.36314801064878,27.44416066801037,64.31481481481481
2024-01-30,10555,174,240325.21,171423.69,-68900.74,215,28.669792902708796,22.7688498342018,60.660919540229884
2024-01-31,9242,150,363416.81,333087.16,-30330.04,187,8.345799964509073,39.322312270071414,61.61333333333334
2024-02-01,604,2,2574.46,3961.82,1387.4099999999999,2,-53.89130147681455,4.262350993377484,302.0
2024-02-02,7699,121,861059.12,933682.29,72624.40000000001,147,-8.434310526784735,111.840384465515,63.62809917355372
2024-02-03,8770,122,253312.53,169124.88999999998,-84185.93,148,33.23401728291924,28.88398289623717,71.88524590163935
2024-02-04,11314,149,532136.61,576948.69,44814.159999999996,189,-8.421551751532375,47.03346385009722,75.93288590604027
2024-02-05,10765,149,587054.0,740255.82,153201.83,184,-26.096718530152252,54.53358104969809,72.24832214765101
2024-02-06,18280,224,935802.86,706854.47,-228946.44,296,24.465242604622944,51.192716630196934,81.60714285714286
2024-02-07,18763,205,1172884.07,1301417.65,128535.54000000001,286,-10.958929640846772,62.51047646964771,91.52682926829269
2024-02-08,13610,181,644420.0599999999,689504.38,45085.1,230,-6.9962285159155355,47.349012490815575,75.19337016574586
2024-02-09,2294,8,53742.82,36309.67,-17432.809999999998,8,32.437467925948056,23.427558849171753,286.75
2024-02-10,9788,133,535837.53,563493.86,27659.980000000003,156,-5.162008715589593,54.744332856559055,73.59398496240601
2024-02-11,10787,158,716243.21,672082.59,-44160.509999999995,188,6.165574679584047,66.39874015018077,68.27215189873418
2024-02-12,10608,182,517108.03,546618.52,29511.850000000002,208,-5.707095672059086,48.746986236802414,58.285714285714285
2024-02-13,14430,203,522260.94,414903.77,-107353.45,254,20.555519622049466,36.192719334719335,71.08374384236453
2024-02-14,20123,240,1546521.35,1713191.17,166670.83000000002,321,-10.77714381375983,76.85341897331412,83.84583333333333
2024-02-15,28697,269,1129169.71,1084191.32,-44972.979999999996,364,3.9828362027174817,39.348005366414604,106.68029739776952
2024-02-16,15140,194,1012632.07,1220855.54,208222.93,245,-20.562545486042133,66.88454887714663,78.04123711340206
2024-02-17,1090,7,110686.16,183991.43,73306.03,8,-66.22872272378045,101.54693577981652,155.71428571428572
2024-02-18,10937,162,579768.45,440354.95,-139413.28,187,24.046372306047356,53.00982444911767,67.51234567901234
2024-02-19,12704,166,831459.2,844420.69,12965.620000000004,190,-1.5593813863626749,65.44861460957179,76.53012048192771
2024-02-20,13272,191,482245.63,505613.83,23370.74,237,-4.846231577049231,36.33556585292345,69.4869109947644
2024-02-21,13381,204,796407.37,701334.89,-95073.25,250,11.937766221324647,59.517776698303564,65.59313725490196
2024-02-22,22711,312,1290347.22,1275081.66,-15263.259999999998,399,1.18288006231377,56.81595790586059,72.79166666666667
2024-02-23,22142,311,549106.67,477756.24,-71349.31999999999,410,12.993708490191894,24.799325715834165,71.19614147909968
2024-02-24,18568,239,500613.88,389418.28,-111193.84999999999,311,22.211499609239755,26.96110943558811,77.69037656903765
2024-02-25,312,5,3007.2999999999997,1393.79,-1613.53,6,53.65377581219034,9.63878205128205,62.4
2024-02-26,14391,188,512823.18,628268.34,115446.03,225,-22.51185876582256,35.63499270377319,76.54787234042553
2024-02-27,14059,191,428825.12,316278.17,-112545.06,228,26.244978372535638,30.501822320221923,73.60732984293193
2024-02-28,14375,222,678247.6799999999,681571.7,3326.8000000000075,257,-0.49049928191424225,47.182447304347825,64.75225225225225
2024-02-29,13373,228,405546.23,289360.89,-116186.53,266,28.64939220369525,30.32574814925596,58.65350877192982
2024-03-01,24532,330,735419.82,652389.69,-83028.37999999999,450,11.289929607825908,29.977980596771562,74.33939393939394
2024-03-02,22984,335,855146.29,893196.14,38051.94,439,-4.449757947263035,37.206156021580234,68.6089552238806
2024-03-03,18069,286,526555.46,409221.54,-117332.20999999999,344,22.282972813538006,29.14137251646466,63.17832167832168
2024-03-04,820,8,38117.63,28144.03,-9973.23,8,26.164349672316984,46.484914634146335,102.5
2024-03-05,18950,253,450605.17,318056.72,-132549.3,295,29.4158409234408,23.778636939313984,74.90118577075098
2024-03-06,19479,226,477216.81,388592.35,-88627.09,260,18.571661379656764,24.499040505159403,86.19026548672566
2024-03-07,17871,236,1034146.33,1098898.03,64751.700000000004,283,-6.261367286387798,57.867289463376416,75.72457627118644
2024-03-08,22468,270,589904.15,534705.07,-55198.65,330,9.357223542163586,26.25530309773901,83.21481481481482
2024-03-09,32731,404,621215.47,573698.87,-47516.85,535,7.649012668663902,18.979422260242583,81.01732673267327
2024-03-10,32052,389,1283996.78,1274085.54,-9909.149999999985,505,0.7717425895725365,40.0598021964308,82.39588688946016
2024-03-11,21063,303,681364.85,653846.1,-27518.649999999998,371,4.03875398033814,32.348898542467836,69.51485148514851
2024-03-12,2476,8,13639.49,20657.73,7021.45,8,-51.478830953356756,5.508679321486268,309.5
2024-03-13,18622,248,1262823.76,1253770.96,-9049.839999999995,286,0.7166352334073912,67.81354097304263,75.08870967741936
2024-03-14,15093,260,375472.17,356818.57,-18654.38,295,4.968245715787671,24.877239117471674,58.05
2024-03-15,19553,281,716187.26,690442.21,-25742.639999999992,332,3.594400715812788,36.62799877256687,69.58362989323844
2024-03-16,22769,286,1052472.1,1191090.33,138619.19999999998,352,-13.170819445000012,46.22390530985112,79.6118881118881
2024-03-17,26368,387,1774316.17,1986197.69,211878.32,478,-11.94140726339658,67.29051008798544,68.1343669250646
2024-03-18,27511,385,1223847.84,1133752.76,-90096.43000000001,519,7.361734609099773,44.485763512776714,71.45714285714286
2024-03-19,22432,304,1348046.06,1623051.6,275003.45,362,-20.400152350877388,60.0947779957204,73.78947368421052
2024-03-20,2899,15,69425.52,50177.32,-19248.48,15,27.725366695128823,23.948092445670923,193.26666666666668
2024-03-21,17166,251,596079.39,439441.14,-156636.36,288,26.277768134207758,34.724419783292554,68.39043824701196
2024-03-22,16686,243,675230.12,759244.22,84014.54000000001,286,-12.442356688709326,40.4668656358624,68.66666666666667
2024-03-23,18276,273,1236649.25,1179946.63,-56700.09,325,4.58497751080187,67.66520299846793,66.94505494505495
2024-03-24,22214,333,824023.03,728917.63,-95106.97,396,11.541785428011641,37.09476141172234,66.70870870870871
2024-03-25,35630,453,1208971.2,1244677.46,35705.96000000001,585,-2.9534169217595925,33.93127140050519,78.65342163355409
2024-03-26,33211,438,1779101.24,1804150.28,25051.850000000002,568,-1.4081182923575504,53.569637770618165,75.82420091324201
2024-03-27,22522,357,1073158.42,1188378.52,115222.04000000001,453,-10.736722356425252,47.64933931267205,63.08683473389356
2024-03-28,2737,16,36572.17,44877.200000000004,8303.42,17,-22.70420377024388,13.362137376689805,171.0625
2024-03-29,15136,276,570670.4,527967.96,-42702.17,320,7.482807939574227,37.70285412262157,54.84057971014493
2024-03-30,18262,308,706157.49,750466.24,44311.04,364,-6.274951498425656,38.668135472565986,59.29220779220779
2024-03-31,20999,330,1383520.05,1630958.2,247440.26,404,-17.88483368925517,65.88504452592981,63.63333333333333
2024-04-01,22144,362,1169423.57,1090784.03,-78640.64,433,6.724735332639139,52.8099516799133,61.171270718232044
2024-04-02,33004,480,1796878.15,1604089.34,-192783.62,623,10.728808739757897,54.44425372682099,68.75833333333334
2024-04-03,37027,468,1744096.8699999999,1592965.51,-151128.66,630,8.665152870780625,47.103380506117155,79.11752136752136
2024-04-04,24964,402,1459988.95,1576584.4,116595.42000000001,493,-7.986048113583327,58.48377463547508,62.09950248756219
2024-04-05,2722,12,22149.73,28899.24,6748.28,13,-30.46664677176652,8.137299779573842,226.83333333333334
2024-04-06,19876,277,1146480.42,1032209.4400000001,-114269.2,319,9.96695608634991,57.68164721271885,71.75451263537906
2024-04-07,22087,319,972679.3,999251.95,26572.750000000004,360,-2.7319127691932996,44.03854303436411,69.23824451410658
2024-04-08,25993,358,940916.0599999999,998179.6,57264.65000000001,416,-6.0860529896790165,36.19882506828761,72.60614525139665
2024-04-09,26324,379,1368687.37,1172494.83,-196195.25,469,14.334555450745482,51.99389796383529,69.45646437994723
2024-04-10,37101,525,1686360.93,1634109.82,-52252.38,677,3.0985288540810774,45.4532473518234,70.66857142857143
2024-04-11,39495,531,2017178.85,1980208.98,-36965.909999999996,694,1.8325549070673626,51.074284086593245,74.37853107344633
2024-04-12,30211,456,1355138.12,1327705.1,-27433.140000000003,557,2.024379625598607,44.85578497898117,66.25219298245614
2024-04-13,5139,16,336428.26,416753.84,80325.58,17,-23.87599067926101,65.46570539015373,321.1875
2024-04-14,19804,319,719641.71,681810.88,-37829.49999999999,359,5.256713094075661,36.338199858614416,62.08150470219436
2024-04-15,25476,339,1344948.76,1454360.44,109414.51000000001,403,-8.135217731268812,52.79277594598838,75.15044247787611
2024-04-16,25242,393,1546325.36,1915744.39,369421.94,470,-23.89031115676716,61.260017431265354,64.22900763358778
2024-04-17,26399,398,1508082.35,1654021.49,145943.38,493,-9.677414499281156,57.1264953217925,66.32914572864321
2024-04-18,40618,570,2731979.2399999998,2902867.86,170894.12,760,-6.2553227893488685,67.26030922251218,71.25964912280702
2024-04-19,45345,583,2581397.87,2684841.62,103445.13999999998,762,-4.0073303384262875,56.927949498290886,77.778730703259
2024-04-20,31944,497,1792361.7,2114438.66,322077.57,596,-17.969451701629197,56.10949474079639,64.27364185110665
2024-04-21,3391,16,407019.48,516775.61,109757.8,16,-26.96622775892692,120.02933647891477,211.9375
2024-04-22,21855,345,1038830.16,1085735.62,46905.74,388,-4.515246265087259,47.53283733699382,63.34782608695652
2024-04-23,21232,355,843330.47,924559.19,81230.24,402,-9.632076972150669,39.71978475885456,59.80845070422535
2024-04-24,24066,381,1609900.27,1649200.57,39301.549999999996,443,-2.4412412826044187,66.89521607246738,63.16535433070866
2024-04-25,26601,405,2064739.54,2419119.22,354381.27,472,-17.163485424413384,77.61886921544303,65.68148148148148
2024-04-26,39514,590,2321167.95,2542692.58,221522.1,745,-9.543561895208832,58.742925292301464,66.9728813559322
2024-04-27,47022,601,2873672.97,3491981.75,618313.51,787,-21.51648835671096,61.11337182595381,78.2396006655574
2024-04-28,40569,478,1899906.64,2086247.15,186343.77,590,-9.80804877864946,46.831488082033076,84.8723849372385
2024-04-29,5871,11,103986.84,145263.0,41279.65,11,-39.69699435043896,17.71194685743485,533.7272727272727
2024-04-30,19906,339,1299958.71,1325558.59,25601.960000000006,383,-1.9694440910357842,65.30486838139254,58.71976401179941
2024-05-01,28718,381,867711.83,870426.33,2718.989999999996,459,-0.313351726459693,30.214911553729365,75.3753280839895
2024-05-02,30434,446,2638286.09,3166005.88,527722.93,509,-20.002490707897415,86.68877209699677,68.23766816143498
2024-05-03,34271,475,1469973.92,1623583.08,153610.11000000002,557,-10.449852742965673,42.89264742785445,72.14947368421052
2024-05-04,59142,656,4065911.31,4611538.17,545628.33,883,-13.41958268145303,68.7482890331744,90.15548780487805
2024-05-05,48611,607,2136449.55,2505417.73,368964.02,785,-17.26996174564478,43.949919771245185,80.0840197693575
2024-05-06,42877,551,2636144.16,3199702.77,563565.23,699,-21.378391916168955,61.48154395130257,77.81669691470054
2024-05-07,2405,17,55764.14,96146.54000000001,40383.06,18,-72.41761461756604,23.186752598752598,141.47058823529412
2024-05-08,24293,391,2220282.83,2589918.83,369638.94,464,-16.648281696616102,91.39599184950397,62.130434782608695
2024-05-09,27211,370,1422686.54,1493054.37,70370.12000000001,437,-4.9462842320839,52.283508140090404,73.54324324324324
2024-05-10,30321,477,2311127.73,2417290.25,106165.69,570,-4.59367470788817,76.22201543484714,63.56603773584906
2024-05-11,41509,538,2099813.2,2443529.73,343718.88,650,-16.369021777746706,50.586937772531265,77.1542750929368
2024-05-12,53508,686,3556994.79,3844026.92,287031.71,897,-8.069500433538728,66.47594359721911,78.0
2024-05-13,54104,696,3889979.9899999998,4622102.74,732125.74,962,-18.820809924011975,71.89819588200503,77.73563218390805
2024-05-14,44064,532,2797279.1,2847947.61,50666.98,683,-1.8112951260387282,63.48218727305737,82.82706766917293
2024-05-15,3345,14,107723.92,83702.93,-24022.54,17,22.300098251159074,32.20446038863976,238.92857142857142
2024-05-16,25175,416,1071850.93,828620.53,-243228.04,485,22.69233838328619,42.576005163853026,60.51682692307692
2024-05-17,26683,418,1381591.47,1514641.25,133052.84,491,-9.630403986208744,51.77796612075104,63.834928229665074
2024-05-18,28629,459,1168070.57,1045161.6,-122903.31999999999,540,10.52190879186349,40.80025743127598,62.372549019607845
2024-05-19,32646,521,1222724.89,1395867.46,173144.54,626,-14.160547594643308,37.45404919438828,62.660268714011515
2024-05-20,62084,718,3482709.37,3551677.48,68971.16,983,-1.980388044839929,56.096729753237554,86.46796657381616
2024-05-21,56751,699,3162062.0,3135381.27,-26681.239999999983,921,0.8437924367074391,55.71817236700675,81.18884120171674
2024-05-22,41248,569,2706062.19,3041671.45,335610.6,710,-12.402176167281652,65.60468846974399,72.49209138840071
2024-05-23,4660,16,53344.42,83165.59,29817.78,16,-55.89671796975204,11.44730042918455,291.25
2024-05-24,22201,426,1127669.92,1023430.0,-104238.98,485,9.243749270176508,50.793654339894594,52.1150234741784
2024-05-25,30115,466,2354347.37,2850641.19,496296.8,546,-21.08001590266605,78.17856118213516,64.62446351931331
2024-05-26,36299,501,2667352.89,3032933.79,365582.52,610,-13.70581753057804,73.48282018788397,72.45309381237524
2024-05-27,43802,543,1908939.94,1732859.65,-176084.27,675,9.224191202160084,43.581113647778636,80.66666666666667
2024-05-28,54268,792,2788711.59,2839982.84,51272.39000000001,1026,-1.8385691149940684,51.387771614948036,68.52020202020202
2024-05-29,60727,747,3610519.67,4065991.66,455477.5,997,-12.615289255576887,59.45493223771963,81.29451137884872
2024-05-30,41583,605,1862368.2,1859588.3,-2781.989999999997,772,0.14937916143542385,44.786768631411874,68.73223140495868
2024-05-31,4490,17,195020.83000000002,267060.24,72038.4,18,-36.93882340670993,43.43448329621381,264.11764705882354
2024-06-01,30443,464,1918045.84,2046315.04,128270.98000000001,552,-6.687586778426527,63.00449495778997,65.60991379310344
2024-06-02,29060,450,1783170.18,2134388.71,351220.44,537,-19.696406094005006,61.3616717136958,64.57777777777778
2024-06-03,36587,521,2780390.98,3252636.05,472247.94,635,-16.984947203360587,75.99395905649547,70.22456813819578
2024-06-04,40514,605,1840832.3,1938834.36,98002.87,721,-5.323834767566823,45.43694278521005,66.96528925619835
2024-06-05,57984,795,2357323.19,2422829.64,65510.98,1071,-2.7790410868524145,40.65471837058499,72.93584905660377
2024-06-06,72738,829,4585283.03,5378826.41,793546.15,1078,-17.306372252445232,63.038343506832746,87.74185765983113
2024-06-07,47775,618,2819111.85,3271698.8,452583.73,769,-16.054124635033546,59.008097331240194,77.30582524271844
2024-06-08,4274,20,755715.38,1151764.19,396048.88,21,-52.40714831025406,176.81688816097332,213.7
2024-06-09,31447,446,1461766.41,1558030.4,96271.59,536,-6.585976346248098,46.48349317899958,70.50896860986548
2024-06-10,30616,450,1898579.69,2032878.66,134301.37,534,-7.073781032599164,62.01266298667363,68.03555555555556
2024-06-11,43512,602,2656923.2199999997,2888749.04,231830.07,726,-8.725508823698714,61.06185006435006,72.27906976744185
2024-06-12,42845,615,2434792.06,2683109.06,248318.02,748,-10.19873623211996,56.82791597619325,69.66666666666667
2024-06-13,70674,869,3648608.58,3977735.38,329128.65,1123,-9.020662062906183,51.6258960862552,81.32796317606444
2024-06-14,79599,843,4112290.88,4390750.45,278461.52,1121,-6.771445117228674,51.662594756215526,94.42348754448399
2024-06-15,55617,685,2773066.63,3183978.61,410918.37,840,-14.818193171218539,49.86005412014312,81.19270072992701
2024-06-16,5015,22,68769.2,108575.95999999999,39804.83,25,-57.881769745758284,13.712701894317048,227.95454545454547
2024-06-17,31217,514,1044520.51,948332.65,-96188.52,592,9.208868478800863,33.45999006951341,60.733463035019454
2024-06-18,36837,516,1450961.62,1369266.62,-81688.69,610,5.6299690408075715,39.38870212015094,71.38953488372093
2024-06-19,38289,574,1245023.57,1094049.89,-150977.28999999998,680,12.126460385002991,32.51648175716263,66.70557491289199
2024-06-20,52673,639,2494900.26,2823108.56,328211.19,765,-13.155283009189315,47.365828033337756,82.43035993740219
2024-06-21,68358,899,2825827.49,2970151.35,144329.15,1168,-5.107500387435185,41.33865077971854,76.03781979977754
2024-06-22,62007,854,3488233.7399999998,4173574.57,685344.28,1074,-19.647315262766767,56.255483090618796,72.60772833723654
2024-06-23,52409,727,3741588.87,4750909.08,1009322.63,907,-26.9757759355319,71.39210574519643,72.08940852819808
2024-06-24,3266,26,129438.25,220806.37,91369.11,26,-70.5889565101506,39.63204225352113,125.61538461538461
2024-06-25,32759,519,2007500.8699999999,2175853.57,168354.03,588,-8.386249416668996,61.28089593699441,63.11946050096339
2024-06-26,37282,522,2134900.85,2396469.0,261572.62,605,-12.252213961130794,57.26358162115766,71.42145593869732
2024-06-27,43711,628,2396401.24,2582943.89,186542.4,767,-7.784272386705991,54.823756949051734,69.60350318471338
2024-06-28,40751,640,2393102.63,2747997.24,354896.7,765,-14.829982448349908,58.72500380358764,63.6734375
2024-06-29,68102,945,2908939.48,2943425.77,34486.060000000005,1248,-1.185520023262911,42.71445008957153,72.06560846560846
2024-06-30,74481,901,3591003.53,3886031.14,295030.49,1217,-8.215822890043219,48.21368577221036,82.66481687014428
2024-07-01,48603,726,1799442.41,1531525.2,-267921.14,899,14.889120013571317,37.02327860420139,66.94628099173553
2024-07-02,4148,14,71559.94,72650.49,1088.5200000000002,16,-1.52113039781755,17.251673095467694,296.2857142857143
2024-07-03,32387,553,1328316.69,1276911.41,-51402.31,631,3.869733052891174,41.01388489208633,58.56600361663653
2024-07-04,38487,527,1657943.13,1612058.9,-45885.15,617,2.7675949295076245,43.07800374152311,73.0303605313093
2024-07-05,48864,664,3453583.12,3923463.41,469878.93,799,-13.605548604835663,70.67745415848069,73.59036144578313
2024-07-06,44360,696,2181986.69,2372038.36,190056.74,825,-8.710261197789434,49.18815802524797,63.735632183908045
2024-07-07,79004,964,5781131.33,6952472.86,1171345.59,1251,-20.261528810486304,73.17517252291023,81.95435684647303
2024-07-08,84789,987,4798582.91,5177421.9,378839.98,1290,-7.894830351071292,56.594403873143925,85.90577507598785
2024-07-09,60360,755,2980371.57,3355518.51,375152.44,948,-12.587438552166837,49.37659990059642,79.94701986754967
2024-07-10,5344,28,118950.20999999999,125000.44,6047.580000000002,28,-5.084127215916644,22.258647080838323,190.85714285714286
2024-07-11,38801,575,1427108.21,1580274.55,153163.59,664,-10.732444038003257,36.78019148991005,67.48
2024-07-12,39254,563,1705415.54,1757108.76,51690.17,663,-3.030942828162572,43.445649870076934,69.72291296625222
2024-07-13,54297,666,3351456.69,3995780.67,644328.59,786,-19.225329449207354,61.7245278744682,81.52702702702703
2024-07-14,46214,706,1972662.75,2152887.52,180225.62,822,-9.13615974144592,42.68539295451595,65.45892351274787
2024-07-15,80988,1044,4666898.33,5212589.89,545696.5,1396,-11.69291596716657,57.624565738134045,77.57471264367815
2024-07-16,75579,991,3293188.35,3502589.22,209406.25,1309,-6.3587693063471455,43.572796014766006,76.26538849646822
2024-07-17,56571,812,2520138.2,2327981.42,-192156.74,1005,7.6248493038992855,44.548234961375975,69.66871921182266
2024-07-18,3868,18,317217.33,421986.57,104766.81999999999,21,-33.026827380458684,82.01068510858325,214.88888888888889
2024-07-19,39136,619,1799027.8,1811005.52,11979.780000000004,714,-0.6659029949398227,45.96861713000818,63.22455573505654
2024-07-20,34827,587,1616829.55,1730490.68,113661.04,664,-7.029871516140955,46.42460016653746,59.33049403747871
2024-07-21,47468,663,2363675.28,2844446.9,480775.39,785,-20.340162376280386,49.79513103564506,71.59577677224736
2024-07-22,54042,746,2595322.31,2664107.98,68786.69,920,-2.6504103068416196,48.02417212538396,72.44235924932975
2024-07-23,82982,1067,3725205.75,4104605.87,379404.52999999997,1386,-10.18479395399838,44.89173254440722,77.7713214620431
2024-07-24,78540,1029,2993751.4,3115746.4,121994.12999999999,1328,-4.074958595426461,38.11753756047874,76.3265306122449
2024-07-25,68842,846,2922904.85,2651925.3,-270973.83999999997,1089,9.27070342368483,42.45816289474449,81.37352245862884
2024-07-26,6989,27,122817.84,184020.38,61202.06,34,-49.831571700007096,17.573020460723995,258.85185185185185
2024-07-27,32772,566,1688342.38,1758792.56,70452.67,659,-4.1728899798155865,51.51783168558525,57.90106007067138
2024-07-28,37950,591,2078086.6199999999,2169610.41,91521.16,686,-4.404107081927124,54.758540711462445,64.21319796954315
2024-07-29,55336,719,2245349.84,2412172.72,166829.76,852,-7.430011886254661,40.57665606476796,76.9624478442281
2024-07-30,58259,750,2656866.4,2530685.54,-126170.28,911,4.748837954366091,45.60439417085772,77.67866666666667
2024-07-31,80437,1079,4164604.07,4404885.17,240281.94,1425,-5.769622657070496,51.77473140470181,74.54772937905469
2024-08-01,78331,1098,3853739.67,4190823.22,337082.09,1407,-8.7468827389682,49.19814211487151,71.33970856102003
2024-08-02,62477,849,2609256.86,2691167.23,81911.97,1070,-3.1392834969877206,41.76347872016902,73.58892815076561
2024-08-03,4121,19,155073.37,156407.6,1333.2899999999995,21,-0.859780115696202,37.63003397233681,216.89473684210526
2024-08-04,42464,635,2246567.94,2542144.49,295578.22,740,-13.156878754354521,52.90523596458176,66.87244094488189
2024-08-05,47368,650,2563794.5,2867569.88,303778.95,761,-11.848802624391308,54.12503166694815,72.87384615384616
2024-08-06,55209,769,2814941.95,3056405.34,241464.5,913,-8.577956643120118,50.98701208136355,71.79323797139142
2024-08-07,54815,796,2626427.79,2580801.04,-45625.78999999999,946,1.737180446145066,47.914399160813645,68.86306532663316
2024-08-08,93452,1194,3758160.82,3587074.96,-171085.9,1560,4.552383684315032,40.2148784402688,78.2680067001675
2024-08-09,84064,1112,4212924.4,4509648.13,296723.73,1451,-7.043177181152359,50.11567853064332,75.59712230215827
2024-08-10,70014,897,4007831.89,4503895.07,496067.68,1079,-12.37745727902774,57.24329262718885,78.05351170568562
2024-08-11,4896,26,199932.26,278024.63,78092.37,26,-39.05941442366529,40.835837418300656,188.30769230769232
2024-08-12,42577,671,1404760.56,1463572.71,58810.45,777,-4.1865106178664355,32.99341334523334,63.45305514157973
2024-08-13,48968,699,2706739.21,2788169.19,81430.84999999999,815,-3.0084483092850305,55.27567411370691,70.05436337625179
2024-08-14,51929,811,2455853.57,2476987.08,21135.05,944,-0.8605989484951254,47.292525756321126,64.0308261405672
2024-08-15,57555,778,3132310.96,3475057.77,342751.04,975,-10.942433378325886,54.422916514638175,73.97814910025707
2024-08-16,92714,1239,4467259.64,4589144.2,121888.40000000001,1650,-2.728482555806853,48.183226265720386,74.82970137207425
2024-08-17,92263,1135,5820560.58,6279513.19,458959.05,1525,-7.885134836961012,63.086617387251664,81.28898678414097
2024-08-18,68752,965,2445930.05,2567962.9899999998,122037.78,1196,-4.9894223262844335,35.57612942168955,71.24559585492229
2024-08-19,8390,27,267041.35,352789.2,85750.6,29,-32.11135653710559,31.82852800953516,310.74074074074076
2024-08-20,42005,694,1635159.65,1508817.3,-126340.48,800,7.726492027857952,38.92773836448042,60.52593659942363
2024-08-21,51531,730,2446442.87,2165585.0,-280852.26,839,11.480025282585078,47.47516776309406,70.59041095890412
2024-08-22,54732,843,2530133.58,2610855.68,80722.35,997,-3.1904382692711426,46.22768362201272,64.92526690391459
2024-08-23,56817,830,2761102.64,2904586.34,143484.34,990,-5.19663187892211,48.596417269479204,68.45421686746988
2024-08-24,93206,1253,4737583.77,5003986.78,266404.29,1628,-5.623210120039735,50.829171619852794,74.38627294493216
2024-08-25,88581,1218,4918848.77,4939760.38,20912.01,1575,-0.4251403321757339,55.5293885822016,72.72660098522168
2024-08-26,68011,972,3369029.67,3735397.45,366368.26,1180,-10.874592861629504,49.53654070665039,69.9701646090535
2024-08-27,4865,42,81485.49,96823.64,15339.3,46,-18.824578461760492,16.74932990750257,115.83333333333333
2024-08-28,43520,706,1913244.78,1840999.3699999999,-72242.45,835,3.7759125625315964,43.962426011029414,61.64305949008499
2024-08-29,46194,692,2003258.33,2084314.39,81058.17,805,-4.0463163829699385,43.36620188769104,66.75433526011561
2024-08-30,50973,811,2388397.4,2471082.05,82686.0,955,-3.46198668613523,46.85612775390893,62.85203452527743
2024-08-31,61678,850,3722023.38,4203127.36,481101.42,1030,-12.925803276388875,60.34604526735627,72.56235294117647
2024-09-01,100324,1306,5174367.87,5647703.84,473337.16,1684,-9.147729189188862,51.57657061121965,76.8177641653905
2024-09-02,93746,1235,4728696.82,5171175.03,442483.98,1611,-9.357419112354934,50.44158492095663,75.9076923076923
2024-09-03,74142,1042,3960762.06,4423590.49,462832.94,1288,-11.685451763795172,53.42130047746217,71.15355086372361
2024-09-04,6548,28,541246.1,661147.28,119901.89,30,-22.15293375785987,82.65823152107514,233.85714285714286
2024-09-05,42242,667,1926273.34,2079446.98,153175.80000000002,776,-7.951924413801004,45.60090289285545,63.331334332833585
2024-09-06,49402,747,1816004.8,1829214.76,13214.250000000005,878,-0.7276550150087712,36.75974252054573,66.1338688085676
2024-09-07,52458,816,2842886.92,3081559.82,238675.35,973,-8.395527388757342,54.193581913149565,64.28676470588235
2024-09-08,60822,873,3216839.21,3581409.9,364574.82,1051,-11.33332430376587,52.88940202558285,69.6701030927835
2024-09-09,96733,1303,5280297.65,5656296.78,375997.44,1737,-7.120762216879951,54.586311289839045,74.23867996930161
2024-09-10,99120,1293,4086137.19,4171659.14,85525.22,1682,-2.0930579670527414,41.224144370460046,76.65893271461717
2024-09-11,71424,1029,3619922.7,3809076.16,189153.6,1290,-5.225349149030172,50.68216145833333,69.41107871720116
2024-09-12,7846,38,264774.09,369879.26,105105.73,43,-39.69638041244896,33.746379046647974,206.47368421052633
2024-09-13,48525,749,2004645.41,1988289.81,-16351.46,871,0.8156784196562723,41.31160041215868,64.7863818424566
2024-09-14,56667,797,2667947.09,2770171.45,102227.65000000001,918,-3.83169705213307,47.08114228739831,71.1003764115433
2024-09-15,53413,856,3264565.59,3681267.95,416704.44,1037,-12.764468304035514,61.11930784640443,62.39836448598131
2024-09-16,70089,928,2656328.64,2787767.9,131441.77,1133,-4.948249550929059,37.89936566365621,75.52693965517241
2024-09-17,97122,1284,5411692.52,6019437.77,607738.14,1676,-11.230093686106175,55.72056300323304,75.64018691588785
2024-09-18,99584,1315,3869384.33,3802614.9899999998,-66765.82,1730,1.7254894915026444,38.855482105559126,75.72927756653992
2024-09-19,80599,1086,4354612.41,5077760.09,723147.01,1346,-16.606460963996565,54.028119579647395,74.21639042357275
2024-09-20,4186,26,327511.57,481025.02,153513.53,30,-46.87270437499353,78.23974438604874,161.0
2024-09-21,48420,748,2706692.36,2815024.62,108330.77,859,-4.002330357189171,55.9002965716646,64.73262032085562
2024-09-22,55471,768,1599320.23,1625818.81,26501.910000000003,910,-1.6570733929877197,28.83164590506751,72.22786458333333
2024-09-23,65258,911,3211999.46,3522526.04,310525.72,1116,-9.667676594192203,49.2200107266542,71.63336992316137
2024-09-24,68951,947,3010072.72,3438954.78,428880.39999999997,1145,-14.248174044114121,43.65524386883439,72.80992608236537
2024-09-25,115604,1404,5716723.39,6101924.02,385202.27999999997,1849,-6.738165444104162,49.450913376699766,82.33903133903134
2024-09-26,106361,1316,6658170.54,6973670.36,315502.82,1762,-4.738581237962703,62.599736181495096,80.82142857142857
2024-09-27,86820,1049,3991735.75,4263968.19,272240.83,1337,-6.820111526671073,45.97714524303156,82.76453765490943
2024-09-28,16701,42,451232.83999999997,652975.16,201747.97,49,-44.71039164613994,27.01831267588767,397.64285714285717
2024-09-29,48699,732,2916115.4899999998,3153261.34,237148.27,851,-8.13233463534738,59.880397749440434,66.52868852459017
2024-09-30,53567,813,2569325.58,2552242.69,-17084.460000000003,933,0.6649394741167837,47.964709242630725,65.8880688806888
2024-10-01,66837,875,2682952.89,3095923.09,412967.33,1026,-15.392269150130325,40.14173122671574,76.38514285714285
2024-10-02,65032,1014,2833640.09,3155423.62,321782.61,1225,-11.355803834635894,43.57301159429204,64.13412228796844
2024-10-03,104397,1396,4756651.44,5274256.09,517605.51,1831,-10.881720397826752,45.5631046869163,74.78295128939828
2024-10-04,103295,1375,4628471.26,4688299.91,59824.11999999999,1823,-1.2925243917362035,44.80827978120916,75.12363636363636
2024-10-05,86394,1141,3482470.95,3407382.88,-75086.23000000001,1435,2.156119349681869,40.309175984443364,75.71779141104294
2024-10-06,4930,27,164746.02,183479.22,18733.850000000002,30,-11.371352097003621,33.417042596348885,182.59259259259258
2024-10-07,50446,810,3538872.21,3901692.02,362823.68,951,-10.252522794543067,70.15169111525195,62.279012345679014
2024-10-08,63872,843,3375235.12,3678558.1,303323.57,998,-8.986738974202188,52.84373622244489,75.76749703440095
2024-10-09,68718,956,2693413.92,2637797.17,-55614.99,1161,2.064851213065684,39.195173317034836,71.88075313807532
2024-10-10,76237,985,3557387.16,4001106.52,443719.18,1174,-12.473176520938473,46.66221336096646,77.39796954314721
2024-10-11,105023,1500,3975992.6,3764573.21,-211419.48,1931,5.317401244660265,37.85830341925102,70.01533333333333
2024-10-12,110287,1436,5156872.28,5284673.47,127804.37,1895,-2.4783311096469505,46.75865949749291,76.80153203342618
2024-10-13,77296,1150,3617809.07,3576188.25,-41617.17,1417,1.1503418006522936,46.8046091647692,67.21391304347826
2024-10-14,11749,39,436566.97,656414.91,219847.87,42,-50.35833792006756,37.157798110477486,301.2564102564103
2024-10-15,53182,811,1902330.36,1629644.97,-272683.74,942,14.33419482407882,35.77019217028318,65.57583230579532
2024-10-16,61160,840,2036558.8699999999,1606243.23,-430315.67,979,21.129547313306983,33.298869686069324,72.80952380952381
2024-10-17,76044,1000,2955465.05,3125087.91,169628.22999999998,1203,-5.73947677033095,38.86519712271842,76.044
2024-10-18,77312,1038,4315369.4,4855334.9,539971.0599999999,1255,-12.512742478083103,55.817588472682125,74.48169556840077
2024-10-19,108079,1467,5825823.51,6108670.9,282850.29,1992,-4.855112577895446,53.90338095282154,73.67348329925017
2024-10-20,116738,1496,4666624.76,4211795.39,-454835.44,1960,9.746561238405636,39.975198821292125,78.03342245989305
2024-10-21,75988,1172,3243584.37,3104143.73,-139437.74000000002,1457,4.298878157437909,42.68548152339843,64.83617747440273
2024-10-22,7175,33,218301.56,313914.06,95612.43,36,-43.79832649844555,30.425304529616724,217.42424242424244
2024-10-23,55905,820,2252667.08,2215162.95,-37505.07,962,1.6649184574579923,40.29455469099365,68.17682926829268
2024-10-24,55142,864,2144966.76,2173980.55,29015.300000000003,1017,-1.3527156010566805,38.89896557977585,63.82175925925926
2024-10-25,68519,1011,3437833.5,3652851.75,215020.11000000002,1185,-6.25452367021265,50.173433646141945,67.77349159248269
2024-10-26,74704,1100,3112090.19,3219404.11,107319.25,1311,-3.4484620768654524,41.65894985542943,67.91272727272727
2024-10-27,117188,1573,5887520.9799999995,6441864.84,554350.97,2056,-9.41569417558152,50.23996467215073,74.49968213604578
2024-10-28,122655,1571,5744389.04,6275510.96,531132.65,2067,-9.246112098285042,46.833712771595124,78.07447485677912
2024-10-29,80122,1225,4484041.47,4873806.07,389766.86,1532,-8.692311670346795,55.96517148848007,65.40571428571428
2024-10-30,6133,41,207422.03,322870.49,115447.82,43,-55.658417767871626,33.82064731778901,149.58536585365854
2024-10-31,49900,879,2176720.55,2245959.49,69238.67,1021,-3.1808708747661707,43.62165430861723,56.76905574516496
2024-11-01,54464,876,2313348.52,2354583.14,41233.020000000004,1005,-1.7823955034669832,42.47481859576968,62.17351598173516
2024-11-02,70274,1043,2902693.26,3055150.86,152460.35,1241,-5.252375512802204,41.30536556905825,67.37679769894535
2024-11-03,82040,1158,4172721.03,4545854.45,373139.99,1421,-8.942366080006073,50.86203108239883,70.84628670120898
2024-11-04,114256,1540,5151630.66,5699190.26,547568.88,2028,-10.629039931989222,45.088491282733514,74.1922077922078
2024-11-05,115337,1585,6443715.4799999995,7415368.77,971655.87,2070,-15.079124350164513,55.86858926450315,72.76782334384858
2024-11-06,99702,1235,4016389.84,4211281.64,194889.99000000002,1530,-4.852367368801033,40.28394455477322,80.73036437246964
2024-11-07,6447,29,129650.93000000001,193065.1,63415.18,33,-48.9122445940033,20.110272995191565,222.31034482758622
2024-11-08,51636,861,2013443.06,1912894.09,-100547.18999999999,1006,4.993793566727433,38.99300991556279,59.97212543554007
2024-11-09,65170,941,2740787.57,2757402.56,16615.469999999998,1103,-0.606229763366885,42.05597007825686,69.25611052072263
2024-11-10,64882,1063,2635091.95,2710895.1,75803.36,1260,-2.876687471949508,40.61360546838877,61.03668861712136
2024-11-11,71258,1139,2730046.42,2743844.83,13795.040000000005,1380,-0.5053042284900051,38.312139268573354,62.56189640035119
2024-11-12,127020,1632,5080214.77,5048091.62,-32117.439999999995,2150,0.6322063427251521,39.995392615336165,77.83088235294117
2024-11-13,126305,1626,4584727.93,4650433.81,65709.64,2171,-1.4332287761293614,36.29886330707414,77.67835178351784
2024-11-14,96316,1317,5043890.65,5956887.29,913000.4500000001,1654,-18.1011150588683,52.36814911333528,73.13287775246773
2024-11-15,10318,35,497159.25,672740.76,175577.22,41,-35.31609237885044,48.183683853459975,294.8
2024-11-16,62994,938,3041317.58,3183472.15,142159.84,1105,-4.674284623705756,48.27948026796203,67.15778251599147
2024-11-17,58540,951,2558671.8,2667241.14,108577.36,1088,-4.243504774625648,43.70809361120601,61.55625657202944
2024-11-18,80217,1118,3323592.43,3218593.49,-104997.09,1334,3.1591445765809496,41.43251966540758,71.75044722719142
2024-11-19,86370,1128,3238955.72,3228475.47,-10477.06999999999,1375,0.32347061539945937,37.50093458376752,76.56914893617021
2024-11-20,117203,1632,4677323.27,4507092.89,-170225.36000000002,2159,3.6393755610567418,39.90788008839364,71.8155637254902
2024-11-21,137338,1673,6192162.06,6463001.02,270856.02999999997,2179,-4.374175407159806,45.08702660589203,82.09085475194262
2024-11-22,93142,1270,4540225.52,5177051.7,636835.77,1584,-14.026522849904602,48.745201090807576,73.34015748031496
2024-11-23,7236,34,418481.02,574726.36,156244.49,38,-37.336099496220875,57.833197899391934,212.8235294117647
2024-11-24,63193,917,2902029.33,3286912.47,384880.35000000003,1047,-13.262455552094647,45.92327203962464,68.91275899672846
2024-11-25,71673,980,3008656.53,3237799.59,229143.27,1140,-7.6161325732984215,41.9775442635302,73.13571428571429
2024-11-26,78538,1118,4759666.9,5588751.51,829088.31,1357,-17.41904060555162,60.60336270340473,70.24865831842575
2024-11-27,84375,1192,3797006.64,4057346.52,260346.13999999998,1458,-6.856615346872292,45.001560177777776,70.78439597315436
2024-11-28,130900,1714,6922407.0,7471080.49,548678.09,2253,-7.926117172827313,52.88317035905271,76.3710618436406
2024-11-29,129293,1703,4839472.47,4497474.93,-341994.85,2240,7.066779532687371,37.430274415474926,75.920728126835
2024-11-30,111264,1344,5135467.37,5545012.32,409552.32,1713,-7.974976579395538,46.155696092177166,82.78571428571429
2024-12-01,12895,52,455869.43,643461.19,187598.01,54,-41.15169775696519,35.35241799146956,247.98076923076923
2024-12-02,66512,937,3152995.55,3577076.73,424084.52,1083,-13.450209912284844,47.40491264734183,70.98399146211312
2024-12-03,67938,994,3274863.46,3501351.78,226490.73,1132,-6.916035821536205,48.203707203626834,68.34808853118712
2024-12-04,82272,1182,3587876.04,3756543.02,168672.12000000002,1405,-4.7011691072805295,43.60992852975496,69.60406091370558
2024-12-05,85910,1241,3736677.45,4116445.29,379767.24,1502,-10.163233115023079,43.49525608194622,69.22643029814665
2024-12-06,133690,1765,7048846.6,7762852.41,714010.5,2340,-10.129465719966158,52.72530929762884,75.74504249291785
2024-12-07,143558,1735,6082102.19,6164692.28,82595.86,2294,-1.3580149990870178,42.366863497680384,82.74236311239193
2024-12-08,103189,1416,3744518.1,3610268.92,-134244.59,1735,3.5850965709045446,36.287958018781076,72.87358757062147
2024-12-09,7424,39,201526.64,362662.59,161138.73,41,-79.95902179483566,27.145290948275864,190.35897435897436
2024-12-10,63690,958,2686096.03,2702576.36,16481.530000000013,1106,-0.6135867748555518,42.17453336473543,66.48225469728601
2024-12-11,71695,1012,2825898.19,2776024.76,-49876.340000000004,1155,1.7649729978417943,39.415554641188365,70.84486166007905
2024-12-12,84342,1203,3524131.73,3688505.78,164377.83,1435,-4.664349763111721,41.78382929027057,70.10972568578553
2024-12-13,86694,1193,4756065.36,4875085.86,119025.21,1486,-2.502598282206954,54.86037511246453,72.66890192791283
2024-12-14,133475,1757,6782874.5,7665573.38,882700.05,2291,-13.013657410291168,50.81756508709496,75.96755833807627
2024-12-15,147431,1772,6167160.49,6561513.09,394360.47000000003,2310,-6.3945225787370426,41.83082587786829,83.20033860045147
2024-12-16,113032,1480,5273992.69,5507752.66,233766.48,1828,-4.432438453000586,46.6592884315946,76.37297297297297
2024-12-17,10972,43,346616.61,489602.08,142987.91,47,-41.252469118545704,31.59101440029165,255.1627906976744
2024-12-18,60641,1000,2933156.46,2964507.16,31353.889999999996,1170,-1.0689470687151819,48.369196748074735,60.641
2024-12-19,75760,996,3692505.21,4149119.22,456618.02,1182,-12.3660765261317,48.73950910770855,76.06425702811245
2024-12-20,94366,1236,3573719.87,3913056.03,339339.04,1470,-9.495401216212281,37.87084193459509,76.34789644012945
2024-12-21,107323,1265,5193497.69,6064714.84,871224.7000000001,1546,-16.775297728109706,48.39128322913076,84.8403162055336
2024-12-22,142792,1828,5236195.1,5385003.75,148815.15,2401,-2.8420474630519403,36.67008725979046,78.11378555798687
2024-12-23,143026,1759,5503468.28,5685247.35,181798.44,2288,-3.3033431056679046,38.4787960231007,81.31097214326321
2024-12-24,112353,1471,7057517.22,8294438.7,1236930.16,1814,-17.526420714847365,62.81556540546313,76.37865397688647
2024-12-25,20117,47,512310.33,712435.6,200128.4,52,-39.06390097580113,25.46653725704628,428.02127659574467
2024-12-26,63813,1006,2439520.94,2346755.07,-92766.33,1160,3.8026453669219173,38.229215677056395,63.432405566600394
2024-12-27,79484,1075,4010899.07,4650640.53,639748.55,1292,-15.95025301895717,50.4617164460772,73.93860465116279
2024-12-28,94658,1210,4036504.85,4189508.01,153002.4,1468,-3.790467389132457,42.64303967968899,78.22975206611571
2024-12-29,102288,1282,5658643.88,6461403.08,802768.22,1583,-14.186583164162647,55.320701157516034,79.78783151326053
2024-12-30,133384,1836,6872968.32,7051928.06,178971.95,2390,-2.6039978895174074,51.52768188088527,72.64923747276688
2024-12-31,13600,60,397964.22,573739.95,175779.91,71,-44.16977737345333,29.262075,226.66666666666666
